/blue/zhangw/hkates/TanziaMLH1MSH2/CUTANDRUN/MLH1/results/01_diffbind/MLH1R4_peaks.xlsx,CUT&RUN,MLH1-R4,Excel,Diffbind ( R ) ,Differential Binding Analysis,Excel file generated during CUT&RUN analysis.
/blue/zhangw/hkates/TanziaMLH1MSH2/CUTANDRUN/MLH1/results/01_diffbind/MLH1R4_filtered_differential_binding_results.csv,CUT&RUN,MLH1-R4,CSV,Diffbind ( R ) ,Differential Binding Analysis,CSV file generated during CUT&RUN analysis.
/blue/zhangw/hkates/TanziaMLH1MSH2/CUTANDRUN/MLH1/results/01_diffbind/MLH1_unique_peaks_results.bed,CUT&RUN,MLH1,BED,Diffbind ( R ) ,Differential Binding Analysis,BED file generated during CUT&RUN analysis.
/blue/zhangw/hkates/TanziaMLH1MSH2/CUTANDRUN/MLH1/results/01_diffbind/MLH1_differential_binding_results.csv,CUT&RUN,MLH1,CSV,Diffbind ( R ) ,Differential Binding Analysis,CSV file generated during CUT&RUN analysis.
/blue/zhangw/hkates/TanziaMLH1MSH2/CUTANDRUN/MLH1/results/01_diffbind/MLH1_dbaObj.RDATA,CUT&RUN,MLH1,RData,Diffbind ( R ) ,Differential Binding Analysis,RData file generated during CUT&RUN analysis.
/blue/zhangw/hkates/TanziaMLH1MSH2/CUTANDRUN/MLH1/KO/03_peak_calling/04_called_peaks/macs2/H3K4me3_R1.macs2.peaks.cut.bed,CUT&RUN,MLH1-KO,BED,MACS2,Peak calling,BED file generated during CUT&RUN analysis.
/blue/zhangw/hkates/TanziaMLH1MSH2/CUTANDRUN/MLH1/KO/03_peak_calling/04_called_peaks/macs2/H3K4me3_R1.macs2_peaks.xls,CUT&RUN,MLH1-KO,Other,MACS2,Peak calling,Other file generated during CUT&RUN analysis.
/blue/zhangw/hkates/TanziaMLH1MSH2/CUTANDRUN/MLH1/KO/03_peak_calling/04_called_peaks/macs2/HA_R1.macs2_peaks.xls,CUT&RUN,MLH1-KO,Other,MACS2,Peak calling,Other file generated during CUT&RUN analysis.
/blue/zhangw/hkates/TanziaMLH1MSH2/CUTANDRUN/MLH1/KO/03_peak_calling/04_called_peaks/macs2/HA_R2.macs2_peaks.xls,CUT&RUN,MLH1-KO,Other,MACS2,Peak calling,Other file generated during CUT&RUN analysis.
/blue/zhangw/hkates/TanziaMLH1MSH2/CUTANDRUN/MLH1/KO/03_peak_calling/04_called_peaks/macs2/HA_R1.macs2.peaks.cut.bed,CUT&RUN,MLH1-KO,BED,MACS2,Peak calling,BED file generated during CUT&RUN analysis.
/blue/zhangw/hkates/TanziaMLH1MSH2/CUTANDRUN/MLH1/KO/03_peak_calling/04_called_peaks/macs2/H3K4me3_R2.macs2.peaks.cut.bed,CUT&RUN,MLH1-KO,BED,MACS2,Peak calling,BED file generated during CUT&RUN analysis.
/blue/zhangw/hkates/TanziaMLH1MSH2/CUTANDRUN/MLH1/KO/03_peak_calling/04_called_peaks/macs2/H3K4me3_R2.macs2_peaks.narrowPeak,CUT&RUN,MLH1-KO,NarrowPeak,MACS2,Peak calling,NarrowPeak file generated during CUT&RUN analysis.
/blue/zhangw/hkates/TanziaMLH1MSH2/CUTANDRUN/MLH1/KO/03_peak_calling/04_called_peaks/macs2/H3K4me3_R1.macs2_peaks.narrowPeak,CUT&RUN,MLH1-KO,NarrowPeak,MACS2,Peak calling,NarrowPeak file generated during CUT&RUN analysis.
/blue/zhangw/hkates/TanziaMLH1MSH2/CUTANDRUN/MLH1/KO/03_peak_calling/04_called_peaks/macs2/HA_R2.macs2.peaks.cut.bed,CUT&RUN,MLH1-KO,BED,MACS2,Peak calling,BED file generated during CUT&RUN analysis.
/blue/zhangw/hkates/TanziaMLH1MSH2/CUTANDRUN/MLH1/KO/03_peak_calling/04_called_peaks/macs2/HA_R2.macs2_peaks.narrowPeak,CUT&RUN,MLH1-KO,NarrowPeak,MACS2,Peak calling,NarrowPeak file generated during CUT&RUN analysis.
/blue/zhangw/hkates/TanziaMLH1MSH2/CUTANDRUN/MLH1/KO/03_peak_calling/04_called_peaks/macs2/HA_R1.macs2_peaks.narrowPeak,CUT&RUN,MLH1-KO,NarrowPeak,MACS2,Peak calling,NarrowPeak file generated during CUT&RUN analysis.
/blue/zhangw/hkates/TanziaMLH1MSH2/CUTANDRUN/MLH1/KO/03_peak_calling/04_called_peaks/macs2/H3K4me3_R2.macs2_peaks.xls,CUT&RUN,MLH1-KO,Other,MACS2,Peak calling,Other file generated during CUT&RUN analysis.
/blue/zhangw/hkates/TanziaMLH1MSH2/CUTANDRUN/MLH1/KO/03_peak_calling/04_called_peaks/seacr/H3K4me3_R2.seacr.peaks.stringent.bed,CUT&RUN,MLH1-KO,BED,SEACR,Peak calling,BED file generated during CUT&RUN analysis.
/blue/zhangw/hkates/TanziaMLH1MSH2/CUTANDRUN/MLH1/KO/03_peak_calling/04_called_peaks/seacr/HA_R1.seacr.peaks.stringent.bed,CUT&RUN,MLH1-KO,BED,SEACR,Peak calling,BED file generated during CUT&RUN analysis.
/blue/zhangw/hkates/TanziaMLH1MSH2/CUTANDRUN/MLH1/KO/03_peak_calling/04_called_peaks/seacr/H3K4me3_R1.seacr.peaks.stringent.bed,CUT&RUN,MLH1-KO,BED,SEACR,Peak calling,BED file generated during CUT&RUN analysis.
/blue/zhangw/hkates/TanziaMLH1MSH2/CUTANDRUN/MLH1/KO/03_peak_calling/04_called_peaks/seacr/HA_R2.seacr.peaks.stringent.bed,CUT&RUN,MLH1-KO,BED,SEACR,Peak calling,BED file generated during CUT&RUN analysis.
/blue/zhangw/hkates/TanziaMLH1MSH2/CUTANDRUN/MLH1/KO/03_peak_calling/05_consensus_peaks/H3K4me3.seacr.consensus.peaks.awk.bed,CUT&RUN,MLH1-KO,BED,SEACR,Peak calling,BED file generated during CUT&RUN analysis.
/blue/zhangw/hkates/TanziaMLH1MSH2/CUTANDRUN/MLH1/KO/03_peak_calling/05_consensus_peaks/HA.seacr.consensus.peaks.awk.bed,CUT&RUN,MLH1-KO,BED,SEACR,Peak calling,BED file generated during CUT&RUN analysis.
/blue/zhangw/hkates/TanziaMLH1MSH2/CUTANDRUN/MLH1/KO/samplesheet.csv,CUT&RUN,MLH1-KO,CSV,Input,NA,CSV file generated during CUT&RUN analysis.
/blue/zhangw/hkates/TanziaMLH1MSH2/CUTANDRUN/MLH1/KO/04_reporting/igv/H3K4me3_R2.seacr.peaks.stringent.bed,CUT&RUN,MLH1-KO,BED,SEACR,Peak calling,BED file generated during CUT&RUN analysis.
/blue/zhangw/hkates/TanziaMLH1MSH2/CUTANDRUN/MLH1/KO/04_reporting/igv/H3K4me3_R1.macs2.peaks.cut.bed,CUT&RUN,MLH1-KO,BED,MACS2,Peak calling,BED file generated during CUT&RUN analysis.
/blue/zhangw/hkates/TanziaMLH1MSH2/CUTANDRUN/MLH1/KO/04_reporting/igv/HA_R1.seacr.peaks.stringent.bed,CUT&RUN,MLH1-KO,BED,SEACR,Peak calling,BED file generated during CUT&RUN analysis.
/blue/zhangw/hkates/TanziaMLH1MSH2/CUTANDRUN/MLH1/KO/04_reporting/igv/H3K4me3_R1.seacr.peaks.stringent.bed,CUT&RUN,MLH1-KO,BED,SEACR,Peak calling,BED file generated during CUT&RUN analysis.
/blue/zhangw/hkates/TanziaMLH1MSH2/CUTANDRUN/MLH1/KO/04_reporting/igv/HA_R1.macs2.peaks.cut.bed,CUT&RUN,MLH1-KO,BED,MACS2,Peak calling,BED file generated during CUT&RUN analysis.
/blue/zhangw/hkates/TanziaMLH1MSH2/CUTANDRUN/MLH1/KO/04_reporting/igv/HA_R2.seacr.peaks.stringent.bed,CUT&RUN,MLH1-KO,BED,SEACR,Peak calling,BED file generated during CUT&RUN analysis.
/blue/zhangw/hkates/TanziaMLH1MSH2/CUTANDRUN/MLH1/KO/04_reporting/igv/H3K4me3_R2.macs2.peaks.cut.bed,CUT&RUN,MLH1-KO,BED,MACS2,Peak calling,BED file generated during CUT&RUN analysis.
/blue/zhangw/hkates/TanziaMLH1MSH2/CUTANDRUN/MLH1/KO/04_reporting/igv/HA_R2.macs2.peaks.cut.bed,CUT&RUN,MLH1-KO,BED,MACS2,Peak calling,BED file generated during CUT&RUN analysis.
/blue/zhangw/hkates/TanziaMLH1MSH2/CUTANDRUN/MLH1/KO/pipeline_info/samplesheet.valid.csv,CUT&RUN,MLH1-KO,CSV,Input,NA,CSV file generated during CUT&RUN analysis.
/blue/zhangw/hkates/TanziaMLH1MSH2/CUTANDRUN/MLH1/KO/02_alignment/bowtie2/target/dedup/IgG_R2.target.dedup.sorted.bam,CUT&RUN,MLH1-KO,BAM,Bowtie2,Assembly to reference,BAM file generated during CUT&RUN analysis.
/blue/zhangw/hkates/TanziaMLH1MSH2/CUTANDRUN/MLH1/KO/02_alignment/bowtie2/target/dedup/IgG_R1.target.dedup.sorted.bam.bai,CUT&RUN,MLH1-KO,BAI,Bowtie2,Assembly to reference,BAI file generated during CUT&RUN analysis.
/blue/zhangw/hkates/TanziaMLH1MSH2/CUTANDRUN/MLH1/KO/02_alignment/bowtie2/target/dedup/IgG_R2.target.dedup.sorted.bam.bai,CUT&RUN,MLH1-KO,BAI,Bowtie2,Assembly to reference,BAI file generated during CUT&RUN analysis.
/blue/zhangw/hkates/TanziaMLH1MSH2/CUTANDRUN/MLH1/KO/02_alignment/bowtie2/target/dedup/IgG_R1.target.dedup.sorted.bam,CUT&RUN,MLH1-KO,BAM,Bowtie2,Assembly to reference,BAM file generated during CUT&RUN analysis.
/blue/zhangw/hkates/TanziaMLH1MSH2/CUTANDRUN/MLH1/KO/02_alignment/bowtie2/target/markdup/IgG_R1.target.markdup.sorted.bam.bai,CUT&RUN,MLH1-KO,BAI,Bowtie2,Assembly to reference,BAI file generated during CUT&RUN analysis.
/blue/zhangw/hkates/TanziaMLH1MSH2/CUTANDRUN/MLH1/KO/02_alignment/bowtie2/target/markdup/IgG_R2.target.markdup.sorted.bam.bai,CUT&RUN,MLH1-KO,BAI,Bowtie2,Assembly to reference,BAI file generated during CUT&RUN analysis.
/blue/zhangw/hkates/TanziaMLH1MSH2/CUTANDRUN/MLH1/KO/02_alignment/bowtie2/target/markdup/H3K4me3_R1.target.markdup.sorted.bam,CUT&RUN,MLH1-KO,BAM,Bowtie2,Assembly to reference,BAM file generated during CUT&RUN analysis.
/blue/zhangw/hkates/TanziaMLH1MSH2/CUTANDRUN/MLH1/KO/02_alignment/bowtie2/target/markdup/HA_R2.target.markdup.sorted.bam.bai,CUT&RUN,MLH1-KO,BAI,Bowtie2,Assembly to reference,BAI file generated during CUT&RUN analysis.
/blue/zhangw/hkates/TanziaMLH1MSH2/CUTANDRUN/MLH1/KO/02_alignment/bowtie2/target/markdup/HA_R1.target.markdup.sorted.bam.bai,CUT&RUN,MLH1-KO,BAI,Bowtie2,Assembly to reference,BAI file generated during CUT&RUN analysis.
/blue/zhangw/hkates/TanziaMLH1MSH2/CUTANDRUN/MLH1/KO/02_alignment/bowtie2/target/markdup/HA_R1.target.markdup.sorted.bam,CUT&RUN,MLH1-KO,BAM,Bowtie2,Assembly to reference,BAM file generated during CUT&RUN analysis.
/blue/zhangw/hkates/TanziaMLH1MSH2/CUTANDRUN/MLH1/KO/02_alignment/bowtie2/target/markdup/H3K4me3_R1.target.markdup.sorted.bam.bai,CUT&RUN,MLH1-KO,BAI,Bowtie2,Assembly to reference,BAI file generated during CUT&RUN analysis.
/blue/zhangw/hkates/TanziaMLH1MSH2/CUTANDRUN/MLH1/KO/02_alignment/bowtie2/target/markdup/IgG_R2.target.markdup.sorted.bam,CUT&RUN,MLH1-KO,BAM,Bowtie2,Assembly to reference,BAM file generated during CUT&RUN analysis.
/blue/zhangw/hkates/TanziaMLH1MSH2/CUTANDRUN/MLH1/KO/02_alignment/bowtie2/target/markdup/H3K4me3_R2.target.markdup.sorted.bam,CUT&RUN,MLH1-KO,BAM,Bowtie2,Assembly to reference,BAM file generated during CUT&RUN analysis.
/blue/zhangw/hkates/TanziaMLH1MSH2/CUTANDRUN/MLH1/KO/02_alignment/bowtie2/target/markdup/HA_R2.target.markdup.sorted.bam,CUT&RUN,MLH1-KO,BAM,Bowtie2,Assembly to reference,BAM file generated during CUT&RUN analysis.
/blue/zhangw/hkates/TanziaMLH1MSH2/CUTANDRUN/MLH1/KO/02_alignment/bowtie2/target/markdup/IgG_R1.target.markdup.sorted.bam,CUT&RUN,MLH1-KO,BAM,Bowtie2,Assembly to reference,BAM file generated during CUT&RUN analysis.
/blue/zhangw/hkates/TanziaMLH1MSH2/CUTANDRUN/MLH1/KO/02_alignment/bowtie2/target/markdup/H3K4me3_R2.target.markdup.sorted.bam.bai,CUT&RUN,MLH1-KO,BAI,Bowtie2,Assembly to reference,BAI file generated during CUT&RUN analysis.
/blue/zhangw/hkates/TanziaMLH1MSH2/CUTANDRUN/MLH1/R4/03_peak_calling/04_called_peaks/macs2/H3K4me3_R1.macs2.peaks.cut.bed,CUT&RUN,MLH1-R4,BED,MACS2,Peak calling,BED file generated during CUT&RUN analysis.
/blue/zhangw/hkates/TanziaMLH1MSH2/CUTANDRUN/MLH1/R4/03_peak_calling/04_called_peaks/macs2/H3K4me3_R1.macs2_peaks.xls,CUT&RUN,MLH1-R4,Other,MACS2,Peak calling,Other file generated during CUT&RUN analysis.
/blue/zhangw/hkates/TanziaMLH1MSH2/CUTANDRUN/MLH1/R4/03_peak_calling/04_called_peaks/macs2/HA_R1.macs2_peaks.xls,CUT&RUN,MLH1-R4,Other,MACS2,Peak calling,Other file generated during CUT&RUN analysis.
/blue/zhangw/hkates/TanziaMLH1MSH2/CUTANDRUN/MLH1/R4/03_peak_calling/04_called_peaks/macs2/HA_R2.macs2_peaks.xls,CUT&RUN,MLH1-R4,Other,MACS2,Peak calling,Other file generated during CUT&RUN analysis.
/blue/zhangw/hkates/TanziaMLH1MSH2/CUTANDRUN/MLH1/R4/03_peak_calling/04_called_peaks/macs2/HA_R1.macs2.peaks.cut.bed,CUT&RUN,MLH1-R4,BED,MACS2,Peak calling,BED file generated during CUT&RUN analysis.
/blue/zhangw/hkates/TanziaMLH1MSH2/CUTANDRUN/MLH1/R4/03_peak_calling/04_called_peaks/macs2/H3K4me3_R2.macs2.peaks.cut.bed,CUT&RUN,MLH1-R4,BED,MACS2,Peak calling,BED file generated during CUT&RUN analysis.
/blue/zhangw/hkates/TanziaMLH1MSH2/CUTANDRUN/MLH1/R4/03_peak_calling/04_called_peaks/macs2/H3K4me3_R2.macs2_peaks.narrowPeak,CUT&RUN,MLH1-R4,NarrowPeak,MACS2,Peak calling,NarrowPeak file generated during CUT&RUN analysis.
/blue/zhangw/hkates/TanziaMLH1MSH2/CUTANDRUN/MLH1/R4/03_peak_calling/04_called_peaks/macs2/H3K4me3_R1.macs2_peaks.narrowPeak,CUT&RUN,MLH1-R4,NarrowPeak,MACS2,Peak calling,NarrowPeak file generated during CUT&RUN analysis.
/blue/zhangw/hkates/TanziaMLH1MSH2/CUTANDRUN/MLH1/R4/03_peak_calling/04_called_peaks/macs2/HA_R2.macs2.peaks.cut.bed,CUT&RUN,MLH1-R4,BED,MACS2,Peak calling,BED file generated during CUT&RUN analysis.
/blue/zhangw/hkates/TanziaMLH1MSH2/CUTANDRUN/MLH1/R4/03_peak_calling/04_called_peaks/macs2/HA_R2.macs2_peaks.narrowPeak,CUT&RUN,MLH1-R4,NarrowPeak,MACS2,Peak calling,NarrowPeak file generated during CUT&RUN analysis.
/blue/zhangw/hkates/TanziaMLH1MSH2/CUTANDRUN/MLH1/R4/03_peak_calling/04_called_peaks/macs2/HA_R1.macs2_peaks.narrowPeak,CUT&RUN,MLH1-R4,NarrowPeak,MACS2,Peak calling,NarrowPeak file generated during CUT&RUN analysis.
/blue/zhangw/hkates/TanziaMLH1MSH2/CUTANDRUN/MLH1/R4/03_peak_calling/04_called_peaks/macs2/H3K4me3_R2.macs2_peaks.xls,CUT&RUN,MLH1-R4,Other,MACS2,Peak calling,Other file generated during CUT&RUN analysis.
/blue/zhangw/hkates/TanziaMLH1MSH2/CUTANDRUN/MLH1/R4/03_peak_calling/04_called_peaks/seacr/H3K4me3_R2.seacr.peaks.stringent.bed,CUT&RUN,MLH1-R4,BED,SEACR,Peak calling,BED file generated during CUT&RUN analysis.
/blue/zhangw/hkates/TanziaMLH1MSH2/CUTANDRUN/MLH1/R4/03_peak_calling/04_called_peaks/seacr/HA_R1.seacr.peaks.stringent.bed,CUT&RUN,MLH1-R4,BED,SEACR,Peak calling,BED file generated during CUT&RUN analysis.
/blue/zhangw/hkates/TanziaMLH1MSH2/CUTANDRUN/MLH1/R4/03_peak_calling/04_called_peaks/seacr/H3K4me3_R1.seacr.peaks.stringent.bed,CUT&RUN,MLH1-R4,BED,SEACR,Peak calling,BED file generated during CUT&RUN analysis.
/blue/zhangw/hkates/TanziaMLH1MSH2/CUTANDRUN/MLH1/R4/03_peak_calling/04_called_peaks/seacr/HA_R2.seacr.peaks.stringent.bed,CUT&RUN,MLH1-R4,BED,SEACR,Peak calling,BED file generated during CUT&RUN analysis.
/blue/zhangw/hkates/TanziaMLH1MSH2/CUTANDRUN/MLH1/R4/03_peak_calling/05_consensus_peaks/H3K4me3.seacr.consensus.peaks.awk.bed,CUT&RUN,MLH1-R4,BED,SEACR,Peak calling,BED file generated during CUT&RUN analysis.
/blue/zhangw/hkates/TanziaMLH1MSH2/CUTANDRUN/MLH1/R4/03_peak_calling/05_consensus_peaks/HA.seacr.consensus.peaks.awk.bed,CUT&RUN,MLH1-R4,BED,SEACR,Peak calling,BED file generated during CUT&RUN analysis.
/blue/zhangw/hkates/TanziaMLH1MSH2/CUTANDRUN/MLH1/R4/samplesheet.csv,CUT&RUN,MLH1-R4,CSV,Input,NA,CSV file generated during CUT&RUN analysis.
/blue/zhangw/hkates/TanziaMLH1MSH2/CUTANDRUN/MLH1/R4/04_reporting/igv/H3K4me3_R2.seacr.peaks.stringent.bed,CUT&RUN,MLH1-R4,BED,SEACR,Peak calling,BED file generated during CUT&RUN analysis.
/blue/zhangw/hkates/TanziaMLH1MSH2/CUTANDRUN/MLH1/R4/04_reporting/igv/H3K4me3_R1.macs2.peaks.cut.bed,CUT&RUN,MLH1-R4,BED,MACS2,Peak calling,BED file generated during CUT&RUN analysis.
/blue/zhangw/hkates/TanziaMLH1MSH2/CUTANDRUN/MLH1/R4/04_reporting/igv/HA_R1.seacr.peaks.stringent.bed,CUT&RUN,MLH1-R4,BED,SEACR,Peak calling,BED file generated during CUT&RUN analysis.
/blue/zhangw/hkates/TanziaMLH1MSH2/CUTANDRUN/MLH1/R4/04_reporting/igv/H3K4me3_R1.seacr.peaks.stringent.bed,CUT&RUN,MLH1-R4,BED,SEACR,Peak calling,BED file generated during CUT&RUN analysis.
/blue/zhangw/hkates/TanziaMLH1MSH2/CUTANDRUN/MLH1/R4/04_reporting/igv/HA_R1.macs2.peaks.cut.bed,CUT&RUN,MLH1-R4,BED,MACS2,Peak calling,BED file generated during CUT&RUN analysis.
/blue/zhangw/hkates/TanziaMLH1MSH2/CUTANDRUN/MLH1/R4/04_reporting/igv/HA_R2.seacr.peaks.stringent.bed,CUT&RUN,MLH1-R4,BED,SEACR,Peak calling,BED file generated during CUT&RUN analysis.
/blue/zhangw/hkates/TanziaMLH1MSH2/CUTANDRUN/MLH1/R4/04_reporting/igv/H3K4me3_R2.macs2.peaks.cut.bed,CUT&RUN,MLH1-R4,BED,MACS2,Peak calling,BED file generated during CUT&RUN analysis.
/blue/zhangw/hkates/TanziaMLH1MSH2/CUTANDRUN/MLH1/R4/04_reporting/igv/HA_R2.macs2.peaks.cut.bed,CUT&RUN,MLH1-R4,BED,MACS2,Peak calling,BED file generated during CUT&RUN analysis.
/blue/zhangw/hkates/TanziaMLH1MSH2/CUTANDRUN/MLH1/R4/pipeline_info/samplesheet.valid.csv,CUT&RUN,MLH1-R4,CSV,Bowtie2,Assembly to reference,CSV file generated during CUT&RUN analysis.
/blue/zhangw/hkates/TanziaMLH1MSH2/CUTANDRUN/MLH1/R4/02_alignment/bowtie2/target/dedup/IgG_R2.target.dedup.sorted.bam,CUT&RUN,MLH1-R4,BAM,Bowtie2,Assembly to reference,BAM file generated during CUT&RUN analysis.
/blue/zhangw/hkates/TanziaMLH1MSH2/CUTANDRUN/MLH1/R4/02_alignment/bowtie2/target/dedup/IgG_R1.target.dedup.sorted.bam.bai,CUT&RUN,MLH1-R4,BAI,Bowtie2,Assembly to reference,BAI file generated during CUT&RUN analysis.
/blue/zhangw/hkates/TanziaMLH1MSH2/CUTANDRUN/MLH1/R4/02_alignment/bowtie2/target/dedup/IgG_R2.target.dedup.sorted.bam.bai,CUT&RUN,MLH1-R4,BAI,Bowtie2,Assembly to reference,BAI file generated during CUT&RUN analysis.
/blue/zhangw/hkates/TanziaMLH1MSH2/CUTANDRUN/MLH1/R4/02_alignment/bowtie2/target/dedup/IgG_R1.target.dedup.sorted.bam,CUT&RUN,MLH1-R4,BAM,Bowtie2,Assembly to reference,BAM file generated during CUT&RUN analysis.
/blue/zhangw/hkates/TanziaMLH1MSH2/CUTANDRUN/MLH1/R4/02_alignment/bowtie2/target/markdup/IgG_R1.target.markdup.sorted.bam.bai,CUT&RUN,MLH1-R4,BAI,Bowtie2,Assembly to reference,BAI file generated during CUT&RUN analysis.
/blue/zhangw/hkates/TanziaMLH1MSH2/CUTANDRUN/MLH1/R4/02_alignment/bowtie2/target/markdup/IgG_R2.target.markdup.sorted.bam.bai,CUT&RUN,MLH1-R4,BAI,Bowtie2,Assembly to reference,BAI file generated during CUT&RUN analysis.
/blue/zhangw/hkates/TanziaMLH1MSH2/CUTANDRUN/MLH1/R4/02_alignment/bowtie2/target/markdup/H3K4me3_R1.target.markdup.sorted.bam,CUT&RUN,MLH1-R4,BAM,Bowtie2,Assembly to reference,BAM file generated during CUT&RUN analysis.
/blue/zhangw/hkates/TanziaMLH1MSH2/CUTANDRUN/MLH1/R4/02_alignment/bowtie2/target/markdup/HA_R2.target.markdup.sorted.bam.bai,CUT&RUN,MLH1-R4,BAI,Bowtie2,Assembly to reference,BAI file generated during CUT&RUN analysis.
/blue/zhangw/hkates/TanziaMLH1MSH2/CUTANDRUN/MLH1/R4/02_alignment/bowtie2/target/markdup/HA_R1.target.markdup.sorted.bam.bai,CUT&RUN,MLH1-R4,BAI,Bowtie2,Assembly to reference,BAI file generated during CUT&RUN analysis.
/blue/zhangw/hkates/TanziaMLH1MSH2/CUTANDRUN/MLH1/R4/02_alignment/bowtie2/target/markdup/HA_R1.target.markdup.sorted.bam,CUT&RUN,MLH1-R4,BAM,Bowtie2,Assembly to reference,BAM file generated during CUT&RUN analysis.
/blue/zhangw/hkates/TanziaMLH1MSH2/CUTANDRUN/MLH1/R4/02_alignment/bowtie2/target/markdup/H3K4me3_R1.target.markdup.sorted.bam.bai,CUT&RUN,MLH1-R4,BAI,Bowtie2,Assembly to reference,BAI file generated during CUT&RUN analysis.
/blue/zhangw/hkates/TanziaMLH1MSH2/CUTANDRUN/MLH1/R4/02_alignment/bowtie2/target/markdup/IgG_R2.target.markdup.sorted.bam,CUT&RUN,MLH1-R4,BAM,Bowtie2,Assembly to reference,BAM file generated during CUT&RUN analysis.
/blue/zhangw/hkates/TanziaMLH1MSH2/CUTANDRUN/MLH1/R4/02_alignment/bowtie2/target/markdup/H3K4me3_R2.target.markdup.sorted.bam,CUT&RUN,MLH1-R4,BAM,Bowtie2,Assembly to reference,BAM file generated during CUT&RUN analysis.
/blue/zhangw/hkates/TanziaMLH1MSH2/CUTANDRUN/MLH1/R4/02_alignment/bowtie2/target/markdup/HA_R2.target.markdup.sorted.bam,CUT&RUN,MLH1-R4,BAM,Bowtie2,Assembly to reference,BAM file generated during CUT&RUN analysis.
/blue/zhangw/hkates/TanziaMLH1MSH2/CUTANDRUN/MLH1/R4/02_alignment/bowtie2/target/markdup/IgG_R1.target.markdup.sorted.bam,CUT&RUN,MLH1-R4,BAM,Bowtie2,Assembly to reference,BAM file generated during CUT&RUN analysis.
/blue/zhangw/hkates/TanziaMLH1MSH2/CUTANDRUN/MLH1/R4/02_alignment/bowtie2/target/markdup/H3K4me3_R2.target.markdup.sorted.bam.bai,CUT&RUN,MLH1-R4,BAI,Bowtie2,Assembly to reference,BAI file generated during CUT&RUN analysis.
/blue/zhangw/hkates/TanziaMLH1MSH2/CUTANDRUN/MLH1/scripts/diffbind_samplesheet.csv,CUT&RUN,MLH1,CSV,Input,NA,CSV file generated during CUT&RUN analysis.
/blue/zhangw/hkates/TanziaMLH1MSH2/CUTANDRUN/MLH1_MSH2_unique_peaks.xlsx,CUT&RUN,MLH1,Excel,Diffbind ( R ) ,Differential Binding Analysis,Excel file generated during CUT&RUN analysis.
/blue/zhangw/hkates/TanziaMLH1MSH2/CUTANDRUN/MLH1_vs_MSH2_peaks.R,CUT&RUN,MLH1,Other,Diffbind ( R ) ,Differential Binding Analysis,Other file generated during CUT&RUN analysis.
/blue/zhangw/hkates/TanziaMLH1MSH2/CUTANDRUN/MSH2/results/01_diffbind/MSH2R4_peaks.xlsx,CUT&RUN,MSH2-R4,Excel,Diffbind ( R ) ,Differential Binding Analysis,Excel file generated during CUT&RUN analysis.
/blue/zhangw/hkates/TanziaMLH1MSH2/CUTANDRUN/MSH2/results/01_diffbind/MSH2_differential_binding_results.csv,CUT&RUN,MSH2,CSV,Diffbind ( R ) ,Differential Binding Analysis,CSV file generated during CUT&RUN analysis.
/blue/zhangw/hkates/TanziaMLH1MSH2/CUTANDRUN/MSH2/results/01_diffbind/MSH2R4_Differential_binding_results.xlsx,CUT&RUN,MSH2-R4,Excel,Diffbind ( R ) ,Differential Binding Analysis,Excel file generated during CUT&RUN analysis.
/blue/zhangw/hkates/TanziaMLH1MSH2/CUTANDRUN/MSH2/results/01_diffbind/MSH2R4_filtered_differential_binding_results.csv,CUT&RUN,MSH2,CSV,Diffbind ( R ) ,Differential Binding Analysis,CSV file generated during CUT&RUN analysis.
/blue/zhangw/hkates/TanziaMLH1MSH2/CUTANDRUN/MSH2/results/01_diffbind/MSH2_unique_peaks_results.bed,CUT&RUN,MSH2,BED,Diffbind ( R ) ,Differential Binding Analysis,BED file generated during CUT&RUN analysis.
/blue/zhangw/hkates/TanziaMLH1MSH2/CUTANDRUN/MSH2/results/01_diffbind/MSH2_dbaObj.RDATA,CUT&RUN,MSH2,RData,Diffbind ( R ) ,Differential Binding Analysis,RData file generated during CUT&RUN analysis.
/blue/zhangw/hkates/TanziaMLH1MSH2/CUTANDRUN/MSH2/KO/03_peak_calling/04_called_peaks/macs2/H3K4me3_R1.macs2.peaks.cut.bed,CUT&RUN,MSH2-KO,BED,MACS2,Peak calling,BED file generated during CUT&RUN analysis.
/blue/zhangw/hkates/TanziaMLH1MSH2/CUTANDRUN/MSH2/KO/03_peak_calling/04_called_peaks/macs2/H3K4me3_R1.macs2_peaks.xls,CUT&RUN,MSH2-KO,Other,MACS2,Peak calling,Other file generated during CUT&RUN analysis.
/blue/zhangw/hkates/TanziaMLH1MSH2/CUTANDRUN/MSH2/KO/03_peak_calling/04_called_peaks/macs2/HA_R1.macs2_peaks.xls,CUT&RUN,MSH2-KO,Other,MACS2,Peak calling,Other file generated during CUT&RUN analysis.
/blue/zhangw/hkates/TanziaMLH1MSH2/CUTANDRUN/MSH2/KO/03_peak_calling/04_called_peaks/macs2/HA_R2.macs2_peaks.xls,CUT&RUN,MSH2-KO,Other,MACS2,Peak calling,Other file generated during CUT&RUN analysis.
/blue/zhangw/hkates/TanziaMLH1MSH2/CUTANDRUN/MSH2/KO/03_peak_calling/04_called_peaks/macs2/HA_R1.macs2.peaks.cut.bed,CUT&RUN,MSH2-KO,BED,MACS2,Peak calling,BED file generated during CUT&RUN analysis.
/blue/zhangw/hkates/TanziaMLH1MSH2/CUTANDRUN/MSH2/KO/03_peak_calling/04_called_peaks/macs2/H3K4me3_R2.macs2.peaks.cut.bed,CUT&RUN,MSH2-KO,BED,MACS2,Peak calling,BED file generated during CUT&RUN analysis.
/blue/zhangw/hkates/TanziaMLH1MSH2/CUTANDRUN/MSH2/KO/03_peak_calling/04_called_peaks/macs2/H3K4me3_R2.macs2_peaks.narrowPeak,CUT&RUN,MSH2-KO,NarrowPeak,MACS2,Peak calling,NarrowPeak file generated during CUT&RUN analysis.
/blue/zhangw/hkates/TanziaMLH1MSH2/CUTANDRUN/MSH2/KO/03_peak_calling/04_called_peaks/macs2/H3K4me3_R1.macs2_peaks.narrowPeak,CUT&RUN,MSH2-KO,NarrowPeak,MACS2,Peak calling,NarrowPeak file generated during CUT&RUN analysis.
/blue/zhangw/hkates/TanziaMLH1MSH2/CUTANDRUN/MSH2/KO/03_peak_calling/04_called_peaks/macs2/HA_R2.macs2.peaks.cut.bed,CUT&RUN,MSH2-KO,BED,MACS2,Peak calling,BED file generated during CUT&RUN analysis.
/blue/zhangw/hkates/TanziaMLH1MSH2/CUTANDRUN/MSH2/KO/03_peak_calling/04_called_peaks/macs2/HA_R2.macs2_peaks.narrowPeak,CUT&RUN,MSH2-KO,NarrowPeak,MACS2,Peak calling,NarrowPeak file generated during CUT&RUN analysis.
/blue/zhangw/hkates/TanziaMLH1MSH2/CUTANDRUN/MSH2/KO/03_peak_calling/04_called_peaks/macs2/HA_R1.macs2_peaks.narrowPeak,CUT&RUN,MSH2-KO,NarrowPeak,MACS2,Peak calling,NarrowPeak file generated during CUT&RUN analysis.
/blue/zhangw/hkates/TanziaMLH1MSH2/CUTANDRUN/MSH2/KO/03_peak_calling/04_called_peaks/macs2/H3K4me3_R2.macs2_peaks.xls,CUT&RUN,MSH2-KO,Other,MACS2,Peak calling,Other file generated during CUT&RUN analysis.
/blue/zhangw/hkates/TanziaMLH1MSH2/CUTANDRUN/MSH2/KO/03_peak_calling/04_called_peaks/seacr/H3K4me3_R2.seacr.peaks.stringent.bed,CUT&RUN,MSH2-KO,BED,SEACR,Peak calling,BED file generated during CUT&RUN analysis.
/blue/zhangw/hkates/TanziaMLH1MSH2/CUTANDRUN/MSH2/KO/03_peak_calling/04_called_peaks/seacr/HA_R1.seacr.peaks.stringent.bed,CUT&RUN,MSH2-KO,BED,SEACR,Peak calling,BED file generated during CUT&RUN analysis.
/blue/zhangw/hkates/TanziaMLH1MSH2/CUTANDRUN/MSH2/KO/03_peak_calling/04_called_peaks/seacr/H3K4me3_R1.seacr.peaks.stringent.bed,CUT&RUN,MSH2-KO,BED,SEACR,Peak calling,BED file generated during CUT&RUN analysis.
/blue/zhangw/hkates/TanziaMLH1MSH2/CUTANDRUN/MSH2/KO/03_peak_calling/04_called_peaks/seacr/HA_R2.seacr.peaks.stringent.bed,CUT&RUN,MSH2-KO,BED,SEACR,Peak calling,BED file generated during CUT&RUN analysis.
/blue/zhangw/hkates/TanziaMLH1MSH2/CUTANDRUN/MSH2/KO/03_peak_calling/05_consensus_peaks/H3K4me3.seacr.consensus.peaks.awk.bed,CUT&RUN,MSH2-KO,BED,SEACR,Peak calling,BED file generated during CUT&RUN analysis.
/blue/zhangw/hkates/TanziaMLH1MSH2/CUTANDRUN/MSH2/KO/03_peak_calling/05_consensus_peaks/HA.seacr.consensus.peaks.awk.bed,CUT&RUN,MSH2-KO,BED,SEACR,Peak calling,BED file generated during CUT&RUN analysis.
/blue/zhangw/hkates/TanziaMLH1MSH2/CUTANDRUN/MSH2/KO/samplesheet.csv,CUT&RUN,MSH2-KO,CSV,Input,NA,CSV file generated during CUT&RUN analysis.
/blue/zhangw/hkates/TanziaMLH1MSH2/CUTANDRUN/MSH2/KO/04_reporting/igv/H3K4me3_R2.seacr.peaks.stringent.bed,CUT&RUN,MSH2-KO,BED,SEACR,Peak calling,BED file generated during CUT&RUN analysis.
/blue/zhangw/hkates/TanziaMLH1MSH2/CUTANDRUN/MSH2/KO/04_reporting/igv/H3K4me3_R1.macs2.peaks.cut.bed,CUT&RUN,MSH2-KO,BED,MACS2,Peak calling,BED file generated during CUT&RUN analysis.
/blue/zhangw/hkates/TanziaMLH1MSH2/CUTANDRUN/MSH2/KO/04_reporting/igv/HA_R1.seacr.peaks.stringent.bed,CUT&RUN,MSH2-KO,BED,SEACR,Peak calling,BED file generated during CUT&RUN analysis.
/blue/zhangw/hkates/TanziaMLH1MSH2/CUTANDRUN/MSH2/KO/04_reporting/igv/H3K4me3_R1.seacr.peaks.stringent.bed,CUT&RUN,MSH2-KO,BED,SEACR,Peak calling,BED file generated during CUT&RUN analysis.
/blue/zhangw/hkates/TanziaMLH1MSH2/CUTANDRUN/MSH2/KO/04_reporting/igv/HA_R1.macs2.peaks.cut.bed,CUT&RUN,MSH2-KO,BED,MACS2,Peak calling,BED file generated during CUT&RUN analysis.
/blue/zhangw/hkates/TanziaMLH1MSH2/CUTANDRUN/MSH2/KO/04_reporting/igv/HA_R2.seacr.peaks.stringent.bed,CUT&RUN,MSH2-KO,BED,SEACR,Peak calling,BED file generated during CUT&RUN analysis.
/blue/zhangw/hkates/TanziaMLH1MSH2/CUTANDRUN/MSH2/KO/04_reporting/igv/H3K4me3_R2.macs2.peaks.cut.bed,CUT&RUN,MSH2-KO,BED,MACS2,Peak calling,BED file generated during CUT&RUN analysis.
/blue/zhangw/hkates/TanziaMLH1MSH2/CUTANDRUN/MSH2/KO/04_reporting/igv/HA_R2.macs2.peaks.cut.bed,CUT&RUN,MSH2-KO,BED,MACS2,Peak calling,BED file generated during CUT&RUN analysis.
/blue/zhangw/hkates/TanziaMLH1MSH2/CUTANDRUN/MSH2/KO/pipeline_info/samplesheet.valid.csv,CUT&RUN,MSH2-KO,CSV,Input,NA,CSV file generated during CUT&RUN analysis.
/blue/zhangw/hkates/TanziaMLH1MSH2/CUTANDRUN/MSH2/KO/02_alignment/bowtie2/target/dedup/IgG_R2.target.dedup.sorted.bam,CUT&RUN,MSH2-KO,BAM,Bowtie2,Assembly to reference,BAM file generated during CUT&RUN analysis.
/blue/zhangw/hkates/TanziaMLH1MSH2/CUTANDRUN/MSH2/KO/02_alignment/bowtie2/target/dedup/IgG_R1.target.dedup.sorted.bam.bai,CUT&RUN,MSH2-KO,BAI,Bowtie2,Assembly to reference,BAI file generated during CUT&RUN analysis.
/blue/zhangw/hkates/TanziaMLH1MSH2/CUTANDRUN/MSH2/KO/02_alignment/bowtie2/target/dedup/IgG_R2.target.dedup.sorted.bam.bai,CUT&RUN,MSH2-KO,BAI,Bowtie2,Assembly to reference,BAI file generated during CUT&RUN analysis.
/blue/zhangw/hkates/TanziaMLH1MSH2/CUTANDRUN/MSH2/KO/02_alignment/bowtie2/target/dedup/IgG_R1.target.dedup.sorted.bam,CUT&RUN,MSH2-KO,BAM,Bowtie2,Assembly to reference,BAM file generated during CUT&RUN analysis.
/blue/zhangw/hkates/TanziaMLH1MSH2/CUTANDRUN/MSH2/KO/02_alignment/bowtie2/target/markdup/IgG_R1.target.markdup.sorted.bam.bai,CUT&RUN,MSH2-KO,BAI,Bowtie2,Assembly to reference,BAI file generated during CUT&RUN analysis.
/blue/zhangw/hkates/TanziaMLH1MSH2/CUTANDRUN/MSH2/KO/02_alignment/bowtie2/target/markdup/IgG_R2.target.markdup.sorted.bam.bai,CUT&RUN,MSH2-KO,BAI,Bowtie2,Assembly to reference,BAI file generated during CUT&RUN analysis.
/blue/zhangw/hkates/TanziaMLH1MSH2/CUTANDRUN/MSH2/KO/02_alignment/bowtie2/target/markdup/H3K4me3_R1.target.markdup.sorted.bam,CUT&RUN,MSH2-KO,BAM,Bowtie2,Assembly to reference,BAM file generated during CUT&RUN analysis.
/blue/zhangw/hkates/TanziaMLH1MSH2/CUTANDRUN/MSH2/KO/02_alignment/bowtie2/target/markdup/HA_R2.target.markdup.sorted.bam.bai,CUT&RUN,MSH2-KO,BAI,Bowtie2,Assembly to reference,BAI file generated during CUT&RUN analysis.
/blue/zhangw/hkates/TanziaMLH1MSH2/CUTANDRUN/MSH2/KO/02_alignment/bowtie2/target/markdup/HA_R1.target.markdup.sorted.bam.bai,CUT&RUN,MSH2-KO,BAI,Bowtie2,Assembly to reference,BAI file generated during CUT&RUN analysis.
/blue/zhangw/hkates/TanziaMLH1MSH2/CUTANDRUN/MSH2/KO/02_alignment/bowtie2/target/markdup/HA_R1.target.markdup.sorted.bam,CUT&RUN,MSH2-KO,BAM,Bowtie2,Assembly to reference,BAM file generated during CUT&RUN analysis.
/blue/zhangw/hkates/TanziaMLH1MSH2/CUTANDRUN/MSH2/KO/02_alignment/bowtie2/target/markdup/H3K4me3_R1.target.markdup.sorted.bam.bai,CUT&RUN,MSH2-KO,BAI,Bowtie2,Assembly to reference,BAI file generated during CUT&RUN analysis.
/blue/zhangw/hkates/TanziaMLH1MSH2/CUTANDRUN/MSH2/KO/02_alignment/bowtie2/target/markdup/IgG_R2.target.markdup.sorted.bam,CUT&RUN,MSH2-KO,BAM,Bowtie2,Assembly to reference,BAM file generated during CUT&RUN analysis.
/blue/zhangw/hkates/TanziaMLH1MSH2/CUTANDRUN/MSH2/KO/02_alignment/bowtie2/target/markdup/H3K4me3_R2.target.markdup.sorted.bam,CUT&RUN,MSH2-KO,BAM,Bowtie2,Assembly to reference,BAM file generated during CUT&RUN analysis.
/blue/zhangw/hkates/TanziaMLH1MSH2/CUTANDRUN/MSH2/KO/02_alignment/bowtie2/target/markdup/HA_R2.target.markdup.sorted.bam,CUT&RUN,MSH2-KO,BAM,Bowtie2,Assembly to reference,BAM file generated during CUT&RUN analysis.
/blue/zhangw/hkates/TanziaMLH1MSH2/CUTANDRUN/MSH2/KO/02_alignment/bowtie2/target/markdup/IgG_R1.target.markdup.sorted.bam,CUT&RUN,MSH2-KO,BAM,Bowtie2,Assembly to reference,BAM file generated during CUT&RUN analysis.
/blue/zhangw/hkates/TanziaMLH1MSH2/CUTANDRUN/MSH2/KO/02_alignment/bowtie2/target/markdup/H3K4me3_R2.target.markdup.sorted.bam.bai,CUT&RUN,MSH2-KO,BAI,Bowtie2,Assembly to reference,BAI file generated during CUT&RUN analysis.
/blue/zhangw/hkates/TanziaMLH1MSH2/CUTANDRUN/MSH2/R4/03_peak_calling/04_called_peaks/macs2/H3K4me3_R1.macs2.peaks.cut.bed,CUT&RUN,MSH2-R4,BED,MACS2,Peak calling,BED file generated during CUT&RUN analysis.
/blue/zhangw/hkates/TanziaMLH1MSH2/CUTANDRUN/MSH2/R4/03_peak_calling/04_called_peaks/macs2/H3K4me3_R1.macs2_peaks.xls,CUT&RUN,MSH2-R4,Other,MACS2,Peak calling,Other file generated during CUT&RUN analysis.
/blue/zhangw/hkates/TanziaMLH1MSH2/CUTANDRUN/MSH2/R4/03_peak_calling/04_called_peaks/macs2/HA_R1.macs2_peaks.xls,CUT&RUN,MSH2-R4,Other,MACS2,Peak calling,Other file generated during CUT&RUN analysis.
/blue/zhangw/hkates/TanziaMLH1MSH2/CUTANDRUN/MSH2/R4/03_peak_calling/04_called_peaks/macs2/HA_R2.macs2_peaks.xls,CUT&RUN,MSH2-R4,Other,MACS2,Peak calling,Other file generated during CUT&RUN analysis.
/blue/zhangw/hkates/TanziaMLH1MSH2/CUTANDRUN/MSH2/R4/03_peak_calling/04_called_peaks/macs2/HA_R1.macs2.peaks.cut.bed,CUT&RUN,MSH2-R4,BED,MACS2,Peak calling,BED file generated during CUT&RUN analysis.
/blue/zhangw/hkates/TanziaMLH1MSH2/CUTANDRUN/MSH2/R4/03_peak_calling/04_called_peaks/macs2/H3K4me3_R2.macs2.peaks.cut.bed,CUT&RUN,MSH2-R4,BED,MACS2,Peak calling,BED file generated during CUT&RUN analysis.
/blue/zhangw/hkates/TanziaMLH1MSH2/CUTANDRUN/MSH2/R4/03_peak_calling/04_called_peaks/macs2/H3K4me3_R2.macs2_peaks.narrowPeak,CUT&RUN,MSH2-R4,NarrowPeak,MACS2,Peak calling,NarrowPeak file generated during CUT&RUN analysis.
/blue/zhangw/hkates/TanziaMLH1MSH2/CUTANDRUN/MSH2/R4/03_peak_calling/04_called_peaks/macs2/H3K4me3_R1.macs2_peaks.narrowPeak,CUT&RUN,MSH2-R4,NarrowPeak,MACS2,Peak calling,NarrowPeak file generated during CUT&RUN analysis.
/blue/zhangw/hkates/TanziaMLH1MSH2/CUTANDRUN/MSH2/R4/03_peak_calling/04_called_peaks/macs2/HA_R2.macs2.peaks.cut.bed,CUT&RUN,MSH2-R4,BED,MACS2,Peak calling,BED file generated during CUT&RUN analysis.
/blue/zhangw/hkates/TanziaMLH1MSH2/CUTANDRUN/MSH2/R4/03_peak_calling/04_called_peaks/macs2/HA_R2.macs2_peaks.narrowPeak,CUT&RUN,MSH2-R4,NarrowPeak,MACS2,Peak calling,NarrowPeak file generated during CUT&RUN analysis.
/blue/zhangw/hkates/TanziaMLH1MSH2/CUTANDRUN/MSH2/R4/03_peak_calling/04_called_peaks/macs2/HA_R1.macs2_peaks.narrowPeak,CUT&RUN,MSH2-R4,NarrowPeak,MACS2,Peak calling,NarrowPeak file generated during CUT&RUN analysis.
/blue/zhangw/hkates/TanziaMLH1MSH2/CUTANDRUN/MSH2/R4/03_peak_calling/04_called_peaks/macs2/H3K4me3_R2.macs2_peaks.xls,CUT&RUN,MSH2-R4,Other,MACS2,Peak calling,Other file generated during CUT&RUN analysis.
/blue/zhangw/hkates/TanziaMLH1MSH2/CUTANDRUN/MSH2/R4/03_peak_calling/04_called_peaks/seacr/H3K4me3_R2.seacr.peaks.stringent.bed,CUT&RUN,MSH2-R4,BED,SEACR,Peak calling,BED file generated during CUT&RUN analysis.
/blue/zhangw/hkates/TanziaMLH1MSH2/CUTANDRUN/MSH2/R4/03_peak_calling/04_called_peaks/seacr/HA_R1.seacr.peaks.stringent.bed,CUT&RUN,MSH2-R4,BED,SEACR,Peak calling,BED file generated during CUT&RUN analysis.
/blue/zhangw/hkates/TanziaMLH1MSH2/CUTANDRUN/MSH2/R4/03_peak_calling/04_called_peaks/seacr/H3K4me3_R1.seacr.peaks.stringent.bed,CUT&RUN,MSH2-R4,BED,SEACR,Peak calling,BED file generated during CUT&RUN analysis.
/blue/zhangw/hkates/TanziaMLH1MSH2/CUTANDRUN/MSH2/R4/03_peak_calling/04_called_peaks/seacr/HA_R2.seacr.peaks.stringent.bed,CUT&RUN,MSH2-R4,BED,SEACR,Peak calling,BED file generated during CUT&RUN analysis.
/blue/zhangw/hkates/TanziaMLH1MSH2/CUTANDRUN/MSH2/R4/03_peak_calling/05_consensus_peaks/H3K4me3.seacr.consensus.peaks.awk.bed,CUT&RUN,MSH2-R4,BED,SEACR,Peak calling,BED file generated during CUT&RUN analysis.
/blue/zhangw/hkates/TanziaMLH1MSH2/CUTANDRUN/MSH2/R4/03_peak_calling/05_consensus_peaks/HA.seacr.consensus.peaks.awk.bed,CUT&RUN,MSH2-R4,BED,SEACR,Peak calling,BED file generated during CUT&RUN analysis.
/blue/zhangw/hkates/TanziaMLH1MSH2/CUTANDRUN/MSH2/R4/samplesheet.csv,CUT&RUN,MSH2-R4,CSV,Input,NA,CSV file generated during CUT&RUN analysis.
/blue/zhangw/hkates/TanziaMLH1MSH2/CUTANDRUN/MSH2/R4/04_reporting/igv/H3K4me3_R2.seacr.peaks.stringent.bed,CUT&RUN,MSH2-R4,BED,SEACR,Peak calling,BED file generated during CUT&RUN analysis.
/blue/zhangw/hkates/TanziaMLH1MSH2/CUTANDRUN/MSH2/R4/04_reporting/igv/H3K4me3_R1.macs2.peaks.cut.bed,CUT&RUN,MSH2-R4,BED,MACS2,Peak calling,BED file generated during CUT&RUN analysis.
/blue/zhangw/hkates/TanziaMLH1MSH2/CUTANDRUN/MSH2/R4/04_reporting/igv/HA_R1.seacr.peaks.stringent.bed,CUT&RUN,MSH2-R4,BED,SEACR,Peak calling,BED file generated during CUT&RUN analysis.
/blue/zhangw/hkates/TanziaMLH1MSH2/CUTANDRUN/MSH2/R4/04_reporting/igv/H3K4me3_R1.seacr.peaks.stringent.bed,CUT&RUN,MSH2-R4,BED,SEACR,Peak calling,BED file generated during CUT&RUN analysis.
/blue/zhangw/hkates/TanziaMLH1MSH2/CUTANDRUN/MSH2/R4/04_reporting/igv/HA_R1.macs2.peaks.cut.bed,CUT&RUN,MSH2-R4,BED,MACS2,Peak calling,BED file generated during CUT&RUN analysis.
/blue/zhangw/hkates/TanziaMLH1MSH2/CUTANDRUN/MSH2/R4/04_reporting/igv/HA_R2.seacr.peaks.stringent.bed,CUT&RUN,MSH2-R4,BED,SEACR,Peak calling,BED file generated during CUT&RUN analysis.
/blue/zhangw/hkates/TanziaMLH1MSH2/CUTANDRUN/MSH2/R4/04_reporting/igv/H3K4me3_R2.macs2.peaks.cut.bed,CUT&RUN,MSH2-R4,BED,MACS2,Peak calling,BED file generated during CUT&RUN analysis.
/blue/zhangw/hkates/TanziaMLH1MSH2/CUTANDRUN/MSH2/R4/04_reporting/igv/HA_R2.macs2.peaks.cut.bed,CUT&RUN,MSH2-R4,BED,MACS2,Peak calling,BED file generated during CUT&RUN analysis.
/blue/zhangw/hkates/TanziaMLH1MSH2/CUTANDRUN/MSH2/R4/pipeline_info/samplesheet.valid.csv,CUT&RUN,MSH2-R4,CSV,Input,NA,CSV file generated during CUT&RUN analysis.
/blue/zhangw/hkates/TanziaMLH1MSH2/CUTANDRUN/MSH2/R4/02_alignment/bowtie2/target/dedup/IgG_R2.target.dedup.sorted.bam,CUT&RUN,MSH2-R4,BAM,Bowtie2,Peak calling,BAM file generated during CUT&RUN analysis.
/blue/zhangw/hkates/TanziaMLH1MSH2/CUTANDRUN/MSH2/R4/02_alignment/bowtie2/target/dedup/IgG_R1.target.dedup.sorted.bam.bai,CUT&RUN,MSH2-R4,BAI,Bowtie2,Peak calling,BAI file generated during CUT&RUN analysis.
/blue/zhangw/hkates/TanziaMLH1MSH2/CUTANDRUN/MSH2/R4/02_alignment/bowtie2/target/dedup/IgG_R2.target.dedup.sorted.bam.bai,CUT&RUN,MSH2-R4,BAI,Bowtie2,Peak calling,BAI file generated during CUT&RUN analysis.
/blue/zhangw/hkates/TanziaMLH1MSH2/CUTANDRUN/MSH2/R4/02_alignment/bowtie2/target/dedup/IgG_R1.target.dedup.sorted.bam,CUT&RUN,MSH2-R4,BAM,Bowtie2,Peak calling,BAM file generated during CUT&RUN analysis.
/blue/zhangw/hkates/TanziaMLH1MSH2/CUTANDRUN/MSH2/R4/02_alignment/bowtie2/target/markdup/IgG_R1.target.markdup.sorted.bam.bai,CUT&RUN,MSH2-R4,BAI,Bowtie2,Peak calling,BAI file generated during CUT&RUN analysis.
/blue/zhangw/hkates/TanziaMLH1MSH2/CUTANDRUN/MSH2/R4/02_alignment/bowtie2/target/markdup/IgG_R2.target.markdup.sorted.bam.bai,CUT&RUN,MSH2-R4,BAI,Bowtie2,Peak calling,BAI file generated during CUT&RUN analysis.
/blue/zhangw/hkates/TanziaMLH1MSH2/CUTANDRUN/MSH2/R4/02_alignment/bowtie2/target/markdup/H3K4me3_R1.target.markdup.sorted.bam,CUT&RUN,MSH2-R4,BAM,Bowtie2,Peak calling,BAM file generated during CUT&RUN analysis.
/blue/zhangw/hkates/TanziaMLH1MSH2/CUTANDRUN/MSH2/R4/02_alignment/bowtie2/target/markdup/HA_R2.target.markdup.sorted.bam.bai,CUT&RUN,MSH2-R4,BAI,Bowtie2,Peak calling,BAI file generated during CUT&RUN analysis.
/blue/zhangw/hkates/TanziaMLH1MSH2/CUTANDRUN/MSH2/R4/02_alignment/bowtie2/target/markdup/HA_R1.target.markdup.sorted.bam.bai,CUT&RUN,MSH2-R4,BAI,Bowtie2,Peak calling,BAI file generated during CUT&RUN analysis.
/blue/zhangw/hkates/TanziaMLH1MSH2/CUTANDRUN/MSH2/R4/02_alignment/bowtie2/target/markdup/HA_R1.target.markdup.sorted.bam,CUT&RUN,MSH2-R4,BAM,Bowtie2,Peak calling,BAM file generated during CUT&RUN analysis.
/blue/zhangw/hkates/TanziaMLH1MSH2/CUTANDRUN/MSH2/R4/02_alignment/bowtie2/target/markdup/H3K4me3_R1.target.markdup.sorted.bam.bai,CUT&RUN,MSH2-R4,BAI,Bowtie2,Peak calling,BAI file generated during CUT&RUN analysis.
/blue/zhangw/hkates/TanziaMLH1MSH2/CUTANDRUN/MSH2/R4/02_alignment/bowtie2/target/markdup/IgG_R2.target.markdup.sorted.bam,CUT&RUN,MSH2-R4,BAM,Bowtie2,Peak calling,BAM file generated during CUT&RUN analysis.
/blue/zhangw/hkates/TanziaMLH1MSH2/CUTANDRUN/MSH2/R4/02_alignment/bowtie2/target/markdup/H3K4me3_R2.target.markdup.sorted.bam,CUT&RUN,MSH2-R4,BAM,Bowtie2,Peak calling,BAM file generated during CUT&RUN analysis.
/blue/zhangw/hkates/TanziaMLH1MSH2/CUTANDRUN/MSH2/R4/02_alignment/bowtie2/target/markdup/HA_R2.target.markdup.sorted.bam,CUT&RUN,MSH2-R4,BAM,Bowtie2,Peak calling,BAM file generated during CUT&RUN analysis.
/blue/zhangw/hkates/TanziaMLH1MSH2/CUTANDRUN/MSH2/R4/02_alignment/bowtie2/target/markdup/IgG_R1.target.markdup.sorted.bam,CUT&RUN,MSH2-R4,BAM,Bowtie2,Peak calling,BAM file generated during CUT&RUN analysis.
/blue/zhangw/hkates/TanziaMLH1MSH2/CUTANDRUN/MSH2/R4/02_alignment/bowtie2/target/markdup/H3K4me3_R2.target.markdup.sorted.bam.bai,CUT&RUN,MSH2-R4,BAI,Bowtie2,Peak calling,BAI file generated during CUT&RUN analysis.
/blue/zhangw/hkates/TanziaMLH1MSH2/CUTANDRUN/MSH2/scripts/diffbind_samplesheet.csv,CUT&RUN,MSH2,CSV,Input,NA,CSV file generated during CUT&RUN analysis.
